Income,Coapplicant_Income,Loan_Tenor,Credit_History,Max_Loan_Amount,Gender_Female,Gender_Male,Married_No,Married_Yes,Dependents_0,Dependents_1,Dependents_2,Dependents_3+,Education_Graduate,Education_Not Graduate,Property_Area_Rural,Property_Area_Semiurban,Property_Area_Urban,Loan_Status_Y
4583,1508.0,144.0,1.0,236.99,0,1,0,1,0,1,0,0,1,0,1,0,0,0
3000,0.0,144.0,1.0,81.2,0,1,0,1,1,0,0,0,1,0,0,0,1,1
2583,2358.0,144.0,1.0,179.03,0,1,0,1,1,0,0,0,0,1,0,0,1,1
6000,0.0,144.0,1.0,232.4,0,1,1,0,1,0,0,0,1,0,0,0,1,1
5417,4196.0,144.0,1.0,414.5,0,1,0,1,0,0,1,0,1,0,0,0,1,1
2333,1516.0,144.0,1.0,123.99,0,1,0,1,1,0,0,0,0,1,0,0,1,1
3036,2504.0,144.0,0.0,209.22,0,1,0,1,0,0,0,1,1,0,0,1,0,0
4006,1526.0,144.0,1.0,208.81,0,1,0,1,0,0,1,0,1,0,0,0,1,1
12841,10968.0,144.0,1.0,449.0,0,1,0,1,0,1,0,0,1,0,0,1,0,0
3200,700.0,144.0,1.0,126.56,0,1,0,1,0,0,1,0,1,0,0,0,1,1
2500,1840.0,144.0,1.0,148.74,0,1,0,1,0,0,1,0,1,0,0,0,1,1
3073,8106.0,144.0,1.0,363.42,0,1,0,1,0,0,1,0,1,0,0,0,1,1
1853,2840.0,144.0,1.0,166.53,0,1,1,0,1,0,0,0,1,0,1,0,0,0
1299,1086.0,120.0,1.0,30.17,0,1,0,1,0,0,1,0,1,0,0,0,1,1
4950,0.0,144.0,1.0,179.48,0,1,1,0,1,0,0,0,1,0,0,0,1,1
3510,0.0,144.0,0.0,106.9,1,0,1,0,1,0,0,0,1,0,0,0,1,0
4887,0.0,144.0,1.0,176.3,0,1,0,1,1,0,0,0,0,1,1,0,0,0
7660,0.0,144.0,0.0,316.06,0,1,0,1,1,0,0,0,0,1,0,0,1,0
5955,5625.0,144.0,1.0,513.63,0,1,0,1,0,1,0,0,1,0,0,0,1,1
2600,1911.0,144.0,0.0,157.35,0,1,0,1,1,0,0,0,0,1,0,1,0,0
9560,0.0,144.0,1.0,411.82,0,1,0,1,1,0,0,0,1,0,0,1,0,1
2799,2253.0,144.0,1.0,184.62,0,1,0,1,1,0,0,0,1,0,0,1,0,1
4226,1040.0,144.0,1.0,195.41,0,1,0,1,0,0,1,0,0,1,0,0,1,1
1442,0.0,144.0,1.0,72.68,0,1,1,0,1,0,0,0,0,1,0,0,1,0
3750,2083.0,144.0,1.0,223.98,1,0,1,0,0,0,1,0,1,0,0,1,0,1
3167,0.0,144.0,1.0,89.62,0,1,1,0,1,0,0,0,1,0,0,0,1,0
4692,0.0,144.0,1.0,166.48,0,1,1,0,0,1,0,0,1,0,1,0,0,0
3500,1667.0,144.0,1.0,190.42,0,1,0,1,1,0,0,0,1,0,0,1,0,1
12500,3000.0,144.0,1.0,581.2,0,1,1,0,0,0,0,1,1,0,1,0,0,0
3667,1459.0,144.0,1.0,188.35,1,0,0,1,1,0,0,0,1,0,0,1,0,1
4166,7210.0,144.0,1.0,373.35,0,1,1,0,1,0,0,0,1,0,0,0,1,1
3748,1668.0,144.0,1.0,202.97,0,1,1,0,1,0,0,0,0,1,0,1,0,1
3600,0.0,144.0,1.0,111.44,0,1,1,0,1,0,0,0,1,0,0,0,1,0
1800,1213.0,144.0,1.0,81.86,0,1,1,0,1,0,0,0,1,0,0,0,1,1
3941,2336.0,144.0,1.0,246.36,0,1,0,1,1,0,0,0,1,0,0,1,0,1
5649,0.0,144.0,1.0,214.71,0,1,0,1,0,1,0,0,1,0,0,0,1,1
5821,0.0,144.0,1.0,223.38,0,1,0,1,1,0,0,0,1,0,0,0,1,1
2645,3440.0,144.0,0.0,236.68,1,0,0,1,1,0,0,0,1,0,0,0,1,0
4000,2275.0,144.0,1.0,246.26,1,0,1,0,1,0,0,0,1,0,0,1,0,1
1928,1644.0,144.0,1.0,110.03,1,0,0,1,1,0,0,0,0,1,0,1,0,1
3086,0.0,144.0,1.0,85.53,1,0,1,0,1,0,0,0,1,0,0,1,0,1
4230,0.0,144.0,1.0,143.19,1,0,1,0,1,0,0,0,1,0,0,1,0,0
4616,0.0,144.0,1.0,162.65,0,1,0,1,0,0,1,0,1,0,0,0,1,0
11500,0.0,144.0,0.0,509.6,1,0,0,1,0,1,0,0,1,0,0,0,1,0
2708,1167.0,144.0,1.0,125.3,0,1,0,1,0,0,1,0,1,0,0,1,0,1
2132,1591.0,144.0,1.0,117.64,0,1,0,1,1,0,0,0,1,0,0,1,0,1
3366,2200.0,144.0,1.0,210.53,0,1,0,1,1,0,0,0,1,0,1,0,0,0
8080,2250.0,144.0,1.0,450.63,0,1,0,1,0,1,0,0,1,0,0,0,1,1
3357,2859.0,144.0,1.0,243.29,0,1,0,1,0,0,1,0,0,1,0,0,1,1
2500,3796.0,144.0,1.0,247.32,0,1,0,1,1,0,0,0,1,0,0,0,1,1
3029,0.0,144.0,1.0,82.66,0,1,0,1,0,0,0,1,1,0,0,0,1,1
2609,3449.0,72.0,0.0,82.66,0,1,0,1,1,0,0,0,0,1,1,0,0,0
4945,0.0,144.0,0.0,179.23,0,1,0,1,0,1,0,0,1,0,1,0,0,0
4166,0.0,144.0,0.0,139.97,1,0,1,0,1,0,0,0,1,0,0,1,0,0
5726,4595.0,144.0,1.0,450.18,0,1,0,1,1,0,0,0,1,0,0,1,0,0
3200,2254.0,72.0,0.0,67.44,0,1,1,0,1,0,0,0,0,1,0,0,1,0
10750,0.0,144.0,1.0,471.8,0,1,0,1,0,1,0,0,1,0,0,0,1,1
7100,0.0,60.0,1.0,79.1,0,1,0,1,0,0,0,1,0,1,0,0,1,1
4300,0.0,144.0,0.0,146.72,1,0,1,0,1,0,0,0,1,0,0,1,0,0
3208,3066.0,144.0,1.0,246.21,0,1,0,1,1,0,0,0,1,0,0,0,1,1
1875,1875.0,144.0,1.0,119.0,0,1,0,1,0,0,1,0,0,1,0,1,0,1
3500,0.0,120.0,1.0,77.0,0,1,1,0,1,0,0,0,1,0,0,1,0,1
5266,1774.0,144.0,1.0,284.82,0,1,0,1,0,0,0,1,1,0,0,1,0,1
3750,0.0,192.0,1.0,182.0,0,1,1,0,1,0,0,0,1,0,0,0,1,0
3750,4750.0,144.0,1.0,358.4,0,1,1,0,1,0,0,0,1,0,0,0,1,0
1000,3022.0,144.0,1.0,132.71,0,1,0,1,0,1,0,0,1,0,0,0,1,0
3167,4000.0,120.0,0.0,231.01,0,1,0,1,0,0,0,1,1,0,0,1,0,0
3846,0.0,144.0,1.0,123.84,1,0,1,0,1,0,0,0,1,0,0,1,0,1
2395,0.0,144.0,1.0,50.71,0,1,0,1,0,1,0,0,1,0,0,1,0,1
1378,1881.0,144.0,1.0,94.25,1,0,0,1,0,0,1,0,1,0,0,0,1,0
3988,0.0,96.0,1.0,64.0,0,1,0,1,0,1,0,0,1,0,0,0,1,1
2366,2531.0,144.0,1.0,176.81,0,1,1,0,1,0,0,0,1,0,0,1,0,1
2500,2118.0,144.0,1.0,162.75,0,1,0,1,1,0,0,0,1,0,0,1,0,1
8566,0.0,144.0,1.0,361.73,0,1,1,0,1,0,0,0,1,0,0,0,1,1
5695,4167.0,144.0,1.0,427.04,0,1,0,1,1,0,0,0,1,0,0,1,0,1
2958,2900.0,144.0,1.0,225.24,0,1,0,1,1,0,0,0,1,0,0,1,0,1
6250,5654.0,72.0,1.0,229.98,0,1,0,1,0,0,1,0,1,0,0,1,0,1
3273,1820.0,144.0,1.0,186.69,0,1,0,1,0,0,1,0,0,1,0,0,1,1
4133,0.0,144.0,1.0,138.3,0,1,1,0,1,0,0,0,1,0,0,1,0,1
3620,0.0,120.0,1.0,82.04,0,1,1,0,1,0,0,0,0,1,0,1,0,1
2484,2302.0,144.0,1.0,171.21,1,0,0,1,1,0,0,0,1,0,0,1,0,1
1977,997.0,144.0,1.0,79.89,0,1,0,1,1,0,0,0,1,0,0,1,0,1
4188,0.0,72.0,1.0,35.54,0,1,0,1,1,0,0,0,0,1,0,1,0,1
1759,3541.0,144.0,1.0,197.12,0,1,0,1,1,0,0,0,1,0,0,1,0,1
4288,3263.0,72.0,1.0,120.29,0,1,0,1,0,0,1,0,0,1,0,0,1,1
4843,3806.0,144.0,1.0,365.91,0,1,1,0,1,0,0,0,1,0,0,1,0,1
4652,3583.0,144.0,1.0,345.04,0,1,0,1,1,0,0,0,1,0,0,1,0,1
3052,1030.0,144.0,1.0,135.73,0,1,0,1,0,1,0,0,1,0,0,0,1,1
11417,1126.0,144.0,1.0,432.17,0,1,0,1,0,0,1,0,1,0,0,0,1,1
7333,0.0,144.0,1.0,299.58,0,1,1,0,1,0,0,0,0,1,1,0,0,0
3800,3600.0,144.0,0.0,302.96,0,1,0,1,0,0,1,0,1,0,0,0,1,0
2071,754.0,192.0,1.0,119.84,0,1,0,1,0,0,0,1,0,1,0,1,0,1
5316,0.0,144.0,1.0,197.93,0,1,1,0,1,0,0,0,1,0,0,0,1,1
2929,2333.0,144.0,1.0,195.2,1,0,0,1,1,0,0,0,1,0,0,1,0,1
5050,0.0,144.0,1.0,184.52,0,1,1,0,1,0,0,0,1,0,0,1,0,1
14583,0.0,72.0,1.0,297.49,0,1,0,1,0,1,0,0,1,0,1,0,0,1
3167,2283.0,144.0,1.0,204.68,1,0,0,1,1,0,0,0,1,0,0,1,0,1
5568,2142.0,144.0,1.0,318.58,0,1,0,1,1,0,0,0,1,0,1,0,0,0
10408,0.0,144.0,1.0,454.56,1,0,1,0,1,0,0,0,1,0,0,0,1,1
4166,0.0,144.0,1.0,139.97,1,0,1,0,1,0,0,0,1,0,0,1,0,1
2137,8980.0,144.0,0.0,360.3,1,0,1,0,1,0,0,0,1,0,0,1,0,1
2957,0.0,144.0,1.0,79.03,0,1,0,1,0,0,1,0,1,0,0,1,0,1
4300,2014.0,144.0,1.0,248.23,0,1,0,1,1,0,0,0,0,1,1,0,0,1
3865,1640.0,144.0,1.0,207.45,0,1,1,0,1,0,0,0,1,0,1,0,0,1
10513,3850.0,72.0,0.0,291.95,0,1,0,1,0,1,0,0,1,0,0,0,1,0
2014,1929.0,144.0,1.0,128.73,0,1,1,0,1,0,0,0,1,0,0,0,1,1
2718,0.0,144.0,1.0,66.99,0,1,1,0,1,0,0,0,1,0,0,1,0,1
3459,0.0,120.0,1.0,75.28,0,1,0,1,1,0,0,0,1,0,0,1,0,1
4895,0.0,144.0,1.0,176.71,0,1,1,0,1,0,0,0,1,0,0,1,0,1
4000,7750.0,144.0,1.0,522.2,0,1,0,1,0,0,0,1,1,0,0,1,0,0
4583,0.0,144.0,1.0,160.98,1,0,0,1,1,0,0,0,1,0,1,0,0,0
3316,3500.0,144.0,1.0,273.53,0,1,0,1,0,0,1,0,1,0,0,0,1,1
14999,0.0,144.0,0.0,685.95,0,1,1,0,1,0,0,0,1,0,0,1,0,0
4200,1430.0,144.0,1.0,213.75,0,1,0,1,0,0,1,0,0,1,1,0,0,0
5042,2083.0,144.0,1.0,289.1,0,1,0,1,0,0,1,0,1,0,1,0,0,0
5417,0.0,144.0,1.0,203.02,0,1,1,0,1,0,0,0,1,0,0,0,1,1
6950,0.0,72.0,1.0,105.14,0,1,1,0,1,0,0,0,1,0,0,1,0,1
2698,2034.0,144.0,1.0,168.49,0,1,0,1,1,0,0,0,1,0,0,1,0,1
11757,0.0,72.0,1.0,226.28,0,1,0,1,0,0,1,0,1,0,0,0,1,1
2330,4486.0,144.0,1.0,273.53,1,0,0,1,1,0,0,0,1,0,0,1,0,1
14866,0.0,144.0,1.0,349.25,1,0,0,1,0,0,1,0,1,0,0,0,1,1
1538,1425.0,144.0,1.0,79.34,0,1,0,1,0,1,0,0,1,0,0,0,1,1
10000,1666.0,144.0,1.0,517.97,1,0,1,0,1,0,0,0,1,0,1,0,0,0
4860,830.0,144.0,1.0,216.78,0,1,0,1,1,0,0,0,1,0,0,1,0,1
6277,0.0,144.0,0.0,246.36,0,1,1,0,1,0,0,0,1,0,1,0,0,0
2577,3750.0,144.0,1.0,248.88,0,1,0,1,1,0,0,0,1,0,1,0,0,1
9166,0.0,144.0,1.0,391.97,0,1,1,0,1,0,0,0,1,0,0,0,1,0
2281,0.0,144.0,1.0,44.96,0,1,0,1,0,0,1,0,0,1,1,0,0,0
3254,0.0,144.0,1.0,94.0,0,1,1,0,1,0,0,0,1,0,0,0,1,1
39999,0.0,72.0,0.0,607.97,0,1,0,1,0,0,0,1,1,0,0,1,0,1
9538,0.0,144.0,1.0,410.72,0,1,0,1,0,1,0,0,1,0,0,0,1,1
2980,2083.0,144.0,1.0,185.18,0,1,1,0,1,0,0,0,1,0,1,0,0,1
4583,5625.0,144.0,1.0,444.48,0,1,0,1,1,0,0,0,1,0,0,1,0,1
1863,1041.0,144.0,1.0,76.36,0,1,0,1,1,0,0,0,0,1,0,1,0,1
7933,0.0,144.0,1.0,329.82,0,1,0,1,1,0,0,0,1,0,0,0,1,0
3089,1280.0,144.0,0.0,150.2,0,1,0,1,0,1,0,0,1,0,0,1,0,0
4167,1447.0,144.0,1.0,212.95,0,1,0,1,0,0,1,0,1,0,1,0,0,1
9323,0.0,72.0,1.0,164.94,0,1,0,1,1,0,0,0,1,0,0,0,1,1
4583,0.0,144.0,1.0,160.98,1,0,0,1,1,0,0,0,1,0,1,0,0,0
2439,3333.0,144.0,1.0,220.91,0,1,0,1,1,0,0,0,1,0,1,0,0,1
2237,0.0,192.0,0.0,80.33,0,1,1,0,1,0,0,0,1,0,0,1,0,0
8000,0.0,144.0,1.0,333.2,0,1,0,1,0,0,1,0,1,0,0,1,0,1
1820,1769.0,144.0,1.0,110.89,0,1,0,1,1,0,0,0,0,1,1,0,0,1
3522,0.0,72.0,1.0,38.75,0,1,0,1,0,0,0,1,0,1,1,0,0,0
5708,5625.0,144.0,1.0,501.18,0,1,0,1,1,0,0,0,1,0,0,1,0,1
4344,736.0,144.0,1.0,186.03,0,1,0,1,1,0,0,0,0,1,0,1,0,0
3497,1964.0,144.0,1.0,205.23,0,1,0,1,1,0,0,0,1,0,1,0,0,1
2045,1619.0,144.0,1.0,114.67,0,1,0,1,0,0,1,0,1,0,1,0,0,1
5516,11300.0,144.0,0.0,777.53,0,1,0,1,0,0,0,1,1,0,0,1,0,0
3750,0.0,144.0,1.0,119.0,0,1,0,1,0,1,0,0,1,0,0,1,0,1
2333,1451.0,192.0,0.0,184.28,0,1,1,0,1,0,0,0,0,1,0,0,1,0
6400,7250.0,144.0,0.0,387.96,0,1,0,1,0,1,0,0,1,0,0,0,1,0
4600,0.0,72.0,1.0,45.92,0,1,0,1,1,0,0,0,1,0,0,1,0,1
3625,0.0,144.0,1.0,112.7,1,0,0,1,1,0,0,0,1,0,0,1,0,1
2178,0.0,120.0,0.0,21.48,0,1,0,1,0,1,0,0,1,0,1,0,0,0
9328,0.0,72.0,1.0,165.07,0,1,0,1,1,0,0,0,1,0,1,0,0,1
4885,0.0,144.0,1.0,176.2,0,1,1,0,1,0,0,0,0,1,1,0,0,1
12000,0.0,144.0,1.0,404.8,0,1,1,0,1,0,0,0,1,0,0,1,0,0
6033,0.0,144.0,1.0,234.06,0,1,0,1,1,0,0,0,0,1,0,0,1,0
3858,0.0,144.0,1.0,124.44,0,1,1,0,1,0,0,0,1,0,0,1,0,1
4191,0.0,144.0,1.0,141.23,0,1,1,0,1,0,0,0,1,0,1,0,0,1
3125,2583.0,144.0,1.0,217.68,0,1,0,1,0,1,0,0,1,0,0,1,0,0
11000,0.0,144.0,1.0,484.4,0,1,1,0,1,0,0,0,1,0,0,0,1,0
2600,2500.0,144.0,1.0,187.04,0,1,0,1,0,1,0,0,0,1,0,1,0,1
4923,0.0,144.0,0.0,178.12,0,1,1,0,0,0,1,0,1,0,0,1,0,1
3992,0.0,72.0,1.0,30.6,0,1,0,1,0,0,0,1,0,1,0,0,1,0
3500,1083.0,144.0,1.0,160.98,0,1,0,1,0,1,0,0,0,1,0,0,1,1
3917,0.0,144.0,1.0,127.42,0,1,0,1,0,0,1,0,0,1,0,1,0,1
4408,0.0,144.0,1.0,152.16,1,0,1,0,1,0,0,0,0,1,0,1,0,1
3244,0.0,144.0,1.0,93.5,1,0,1,0,1,0,0,0,1,0,0,0,1,1
3975,2531.0,144.0,1.0,257.9,0,1,1,0,1,0,0,0,0,1,1,0,0,1
2479,0.0,144.0,1.0,54.94,0,1,1,0,1,0,0,0,1,0,0,0,1,1
3418,0.0,144.0,1.0,102.27,0,1,1,0,1,0,0,0,1,0,0,1,0,0
10000,0.0,144.0,1.0,434.0,1,0,1,0,1,0,0,0,1,0,0,1,0,0
3430,1250.0,144.0,0.0,165.87,0,1,0,1,0,0,0,1,1,0,0,1,0,0
7787,0.0,144.0,1.0,322.46,0,1,0,1,0,1,0,0,1,0,0,0,1,1
5703,0.0,144.0,1.0,217.43,0,1,0,1,0,0,0,1,0,1,1,0,0,1
3173,3021.0,144.0,1.0,242.18,0,1,0,1,1,0,0,0,1,0,0,0,1,1
3850,983.0,144.0,1.0,173.58,0,1,0,1,0,0,0,1,0,1,0,1,0,1
150,1800.0,144.0,1.0,28.28,0,1,0,1,1,0,0,0,1,0,1,0,0,0
3727,1775.0,144.0,1.0,207.3,0,1,0,1,1,0,0,0,1,0,0,1,0,1
5000,0.0,144.0,0.0,182.0,0,1,0,1,0,0,1,0,1,0,0,1,0,0
2221,0.0,144.0,0.0,41.94,0,1,0,1,1,0,0,0,1,0,0,0,1,0
4009,1717.0,144.0,1.0,218.59,0,1,0,1,0,0,1,0,1,0,0,1,0,1
2971,2791.0,144.0,1.0,220.4,0,1,1,0,1,0,0,0,1,0,0,1,0,1
6250,0.0,144.0,1.0,245.0,0,1,0,1,1,0,0,0,1,0,0,1,0,1
3250,0.0,144.0,1.0,93.8,0,1,0,1,1,0,0,0,1,0,1,0,0,0
6250,1695.0,144.0,1.0,330.43,0,1,0,1,0,0,1,0,1,0,0,1,0,1
6400,0.0,144.0,1.0,252.56,0,1,1,0,1,0,0,0,1,0,1,0,0,1
2491,2054.0,144.0,1.0,159.07,0,1,0,1,0,1,0,0,1,0,0,1,0,1
3716,0.0,72.0,1.0,23.64,0,1,0,1,1,0,0,0,1,0,1,0,0,1
8333,0.0,144.0,1.0,349.98,1,0,1,0,1,0,0,0,1,0,0,1,0,1
3155,1779.0,144.0,1.0,178.67,0,1,0,1,0,1,0,0,1,0,0,1,0,1
5500,1260.0,144.0,1.0,270.7,0,1,0,1,0,1,0,0,1,0,1,0,0,1
3812,0.0,144.0,1.0,122.12,1,0,1,0,0,1,0,0,1,0,1,0,0,1
3315,0.0,144.0,1.0,97.08,0,1,0,1,0,1,0,0,1,0,0,1,0,1
5819,5000.0,144.0,1.0,475.28,0,1,0,1,0,0,1,0,1,0,1,0,0,1
2510,1983.0,72.0,1.0,43.22,0,1,0,1,0,1,0,0,0,1,0,0,1,0
2965,5701.0,60.0,1.0,111.99,0,1,1,0,1,0,0,0,1,0,0,0,1,1
6250,1300.0,144.0,1.0,310.52,0,1,0,1,0,0,1,0,1,0,1,0,0,1
3406,4417.0,144.0,1.0,324.28,0,1,0,1,1,0,0,0,0,1,0,1,0,1
6050,4333.0,72.0,1.0,191.65,0,1,1,0,1,0,0,0,1,0,0,0,1,0
9703,0.0,144.0,1.0,419.03,0,1,0,1,0,0,1,0,1,0,0,0,1,1
6608,0.0,72.0,1.0,96.52,0,1,0,1,0,1,0,0,0,1,0,0,1,1
2882,1843.0,192.0,1.0,247.52,0,1,0,1,0,1,0,0,1,0,0,1,0,1
1809,1868.0,144.0,1.0,115.32,0,1,0,1,1,0,0,0,1,0,0,0,1,1
1668,3890.0,144.0,0.0,210.12,0,1,0,1,1,0,0,0,0,1,0,1,0,0
3427,0.0,144.0,1.0,102.72,1,0,1,0,0,0,1,0,1,0,0,0,1,0
2583,2167.0,144.0,1.0,169.4,0,1,1,0,1,0,0,0,0,1,1,0,0,1
2661,7101.0,72.0,1.0,176.0,0,1,0,1,0,1,0,0,0,1,0,1,0,1
16250,0.0,144.0,0.0,419.0,0,1,1,0,1,0,0,0,1,0,0,0,1,0
3083,0.0,144.0,1.0,85.38,1,0,1,0,0,0,0,1,1,0,1,0,0,1
6045,0.0,144.0,0.0,234.67,0,1,1,0,1,0,0,0,0,1,1,0,0,0
5250,0.0,144.0,1.0,194.6,0,1,0,1,0,0,0,1,1,0,0,0,1,0
14683,2100.0,144.0,1.0,545.86,0,1,0,1,1,0,0,0,1,0,1,0,0,0
2060,2209.0,144.0,1.0,145.16,0,1,1,0,1,0,0,0,1,0,0,1,0,1
3481,0.0,36.0,1.0,43.86,1,0,1,0,0,1,0,0,1,0,0,1,0,0
7200,0.0,144.0,1.0,292.88,1,0,1,0,1,0,0,0,1,0,1,0,0,1
5166,0.0,144.0,1.0,190.37,0,1,1,0,1,0,0,0,1,0,0,1,0,1
4095,3447.0,144.0,1.0,310.12,0,1,1,0,1,0,0,0,1,0,1,0,0,1
4708,1387.0,144.0,1.0,237.19,0,1,0,1,0,0,1,0,1,0,0,1,0,1
4333,1811.0,144.0,0.0,239.66,0,1,0,1,0,0,0,1,1,0,0,0,1,1
3418,0.0,144.0,1.0,102.27,1,0,1,0,1,0,0,0,1,0,1,0,0,0
2876,1560.0,144.0,1.0,153.57,1,0,1,0,0,1,0,0,1,0,0,0,1,1
3237,0.0,144.0,1.0,93.14,1,0,1,0,1,0,0,0,1,0,0,0,1,1
11146,0.0,144.0,1.0,361.76,0,1,0,1,1,0,0,0,1,0,0,0,1,1
2833,1857.0,144.0,1.0,166.38,0,1,1,0,1,0,0,0,1,0,1,0,0,1
2620,2223.0,144.0,1.0,174.09,0,1,0,1,1,0,0,0,1,0,0,1,0,1
3900,0.0,144.0,1.0,126.56,0,1,0,1,0,0,1,0,1,0,0,1,0,1
2750,1842.0,144.0,1.0,161.44,0,1,0,1,0,1,0,0,1,0,0,1,0,1
3993,3274.0,144.0,1.0,296.26,0,1,0,1,1,0,0,0,1,0,0,1,0,1
3103,1300.0,144.0,1.0,151.91,0,1,0,1,1,0,0,0,1,0,0,0,1,1
14583,0.0,144.0,1.0,664.98,0,1,0,1,1,0,0,0,1,0,0,1,0,1
4053,2426.0,144.0,0.0,256.54,0,1,1,0,0,1,0,0,0,1,0,0,1,0
3927,800.0,144.0,1.0,168.24,0,1,0,1,1,0,0,0,1,0,0,1,0,1
2301,985.7999878,72.0,1.0,12.83,0,1,0,1,0,0,1,0,1,0,0,0,1,1
1811,1666.0,144.0,1.0,105.24,1,0,1,0,1,0,0,0,1,0,0,0,1,1
20667,0.0,144.0,1.0,741.62,0,1,0,1,1,0,0,0,1,0,1,0,0,0
3158,3053.0,144.0,1.0,243.03,0,1,1,0,1,0,0,0,1,0,1,0,0,1
2600,1717.0,120.0,1.0,111.31,1,0,1,0,1,0,0,0,1,0,0,1,0,0
3704,2000.0,144.0,1.0,217.48,0,1,0,1,1,0,0,0,1,0,1,0,0,1
4124,0.0,144.0,1.0,137.85,1,0,1,0,1,0,0,0,1,0,0,1,0,1
9508,0.0,144.0,1.0,409.2,0,1,1,0,1,0,0,0,1,0,1,0,0,1
3075,2416.0,144.0,1.0,206.75,0,1,0,1,1,0,0,0,1,0,1,0,0,1
4400,0.0,144.0,0.0,151.76,0,1,0,1,0,0,1,0,1,0,0,1,0,0
3153,1560.0,144.0,1.0,167.54,0,1,0,1,0,0,1,0,1,0,0,0,1,1
2383,3334.0,144.0,1.0,218.14,0,1,0,1,1,0,0,0,1,0,0,1,0,1
4416,1250.0,144.0,1.0,215.57,0,1,0,1,0,0,0,1,1,0,0,0,1,1
6875,0.0,144.0,1.0,276.5,0,1,0,1,0,1,0,0,1,0,0,1,0,1
4666,0.0,144.0,1.0,165.17,1,0,0,1,0,1,0,0,1,0,0,0,1,1
5000,2541.0,192.0,1.0,436.76,1,0,1,0,1,0,0,0,1,0,1,0,0,0
2014,2925.0,144.0,1.0,178.93,0,1,0,1,0,1,0,0,1,0,0,0,1,0
1800,2934.0,144.0,0.0,168.59,0,1,0,1,1,0,0,0,0,1,0,0,1,0
5000,0.0,144.0,1.0,182.0,1,0,1,0,1,0,0,0,1,0,1,0,0,1
1625,1803.0,144.0,1.0,102.77,0,1,0,1,0,1,0,0,1,0,0,0,1,1
4000,2500.0,144.0,1.0,257.6,0,1,1,0,1,0,0,0,1,0,1,0,0,1
2000,0.0,144.0,1.0,30.8,0,1,1,0,1,0,0,0,0,1,0,0,1,0
3762,1666.0,144.0,1.0,203.57,1,0,1,0,1,0,0,0,1,0,1,0,0,1
2400,1863.0,144.0,0.0,144.86,1,0,1,0,1,0,0,0,1,0,0,0,1,0
20233,0.0,144.0,1.0,719.74,0,1,1,0,1,0,0,0,1,0,1,0,0,0
2917,0.0,144.0,1.0,77.02,1,0,1,0,1,0,0,0,1,0,0,1,0,1
2927,2405.0,144.0,1.0,198.73,0,1,1,0,1,0,0,0,0,1,0,1,0,1
2507,0.0,144.0,1.0,56.35,1,0,1,0,1,0,0,0,1,0,1,0,0,1
3399,1640.0,72.0,1.0,56.98,0,1,0,1,0,1,0,0,0,1,0,0,1,1
3717,0.0,144.0,1.0,117.34,0,1,0,1,0,0,1,0,1,0,0,1,0,1
10000,0.0,144.0,1.0,434.0,0,1,0,1,0,1,0,0,1,0,1,0,0,0
2400,2167.0,144.0,1.0,160.18,0,1,0,1,1,0,0,0,1,0,0,1,0,1
4342,189.0,144.0,1.0,158.36,0,1,0,1,0,0,0,1,1,0,0,1,0,1
3601,1590.0,144.0,1.0,191.63,0,1,0,1,0,0,1,0,0,1,1,0,0,1
15000,0.0,144.0,1.0,556.0,0,1,0,1,0,0,0,1,1,0,1,0,0,1
8666,4983.0,144.0,0.0,617.91,0,1,0,1,0,1,0,0,1,0,1,0,0,0
4917,0.0,144.0,0.0,177.82,0,1,1,0,1,0,0,0,1,0,1,0,0,1
5818,2160.0,144.0,1.0,332.09,0,1,0,1,1,0,0,0,1,0,0,1,0,1
4333,2451.0,144.0,1.0,271.91,1,0,0,1,1,0,0,0,1,0,0,0,1,0
2500,0.0,144.0,1.0,56.0,1,0,1,0,1,0,0,0,1,0,0,0,1,1
4384,1793.0,144.0,1.0,241.32,0,1,1,0,0,1,0,0,1,0,0,0,1,1
2935,0.0,144.0,1.0,77.92,0,1,1,0,1,0,0,0,1,0,0,1,0,1
63337,0.0,72.0,1.0,600.0,0,1,0,1,1,0,0,0,1,0,0,0,1,1
5250,688.0,144.0,1.0,229.28,0,1,0,1,0,1,0,0,1,0,1,0,0,1
2500,4600.0,144.0,1.0,287.84,0,1,0,1,0,0,1,0,1,0,1,0,0,1
1830,0.0,144.0,0.0,22.23,1,0,1,0,0,0,0,1,0,1,0,0,1,0
4160,0.0,144.0,1.0,139.66,1,0,1,0,1,0,0,0,1,0,0,1,0,1
2647,1587.0,144.0,1.0,143.39,0,1,0,1,0,0,0,1,0,1,1,0,0,0
2378,0.0,144.0,1.0,49.85,1,0,1,0,1,0,0,0,1,0,1,0,0,0
4554,1229.0,144.0,1.0,221.46,0,1,0,1,0,1,0,0,0,1,0,0,1,1
3173,0.0,144.0,1.0,89.92,0,1,0,1,0,0,0,1,0,1,0,1,0,1
2583,2330.0,144.0,1.0,177.62,0,1,0,1,0,0,1,0,1,0,1,0,0,1
2499,2458.0,144.0,1.0,179.83,0,1,0,1,1,0,0,0,1,0,0,1,0,1
3083,2168.0,144.0,1.0,194.65,0,1,0,1,0,0,1,0,0,1,0,0,1,1
2625,6250.0,144.0,1.0,377.3,0,1,0,1,1,0,0,0,1,0,1,0,0,1
9083,0.0,144.0,1.0,387.78,0,1,0,1,1,0,0,0,1,0,0,1,0,1
8750,4167.0,144.0,1.0,581.02,0,1,1,0,1,0,0,0,1,0,1,0,0,0
2666,2083.0,144.0,1.0,169.35,0,1,0,1,0,0,0,1,1,0,1,0,0,1
5500,0.0,144.0,0.0,207.2,1,0,0,1,1,0,0,0,1,0,1,0,0,0
2423,505.0,144.0,1.0,77.57,1,0,0,1,1,0,0,0,1,0,0,1,0,1
8333,3167.0,144.0,1.0,379.6,0,1,0,1,0,0,1,0,1,0,1,0,0,1
3875,0.0,144.0,1.0,125.3,0,1,0,1,0,1,0,0,1,0,0,0,1,0
3000,1666.0,192.0,0.0,243.56,0,1,0,1,1,0,0,0,0,1,0,0,1,0
5167,3167.0,144.0,1.0,350.03,0,1,0,1,0,0,0,1,1,0,0,1,0,1
4723,0.0,144.0,1.0,168.04,1,0,1,0,0,1,0,0,1,0,0,1,0,0
5000,3667.0,144.0,1.0,366.82,0,1,0,1,0,0,1,0,1,0,0,1,0,1
4750,2333.0,144.0,1.0,286.98,0,1,0,1,1,0,0,0,1,0,0,0,1,1
6822,0.0,144.0,1.0,273.83,0,1,1,0,1,0,0,0,1,0,1,0,0,1
6216,0.0,144.0,1.0,243.29,0,1,1,0,1,0,0,0,0,1,1,0,0,0
2500,0.0,192.0,1.0,98.0,0,1,1,0,1,0,0,0,1,0,0,1,0,0
6325,0.0,144.0,1.0,248.78,0,1,0,1,0,1,0,0,1,0,0,1,0,1
15759,0.0,144.0,1.0,294.25,1,0,1,0,1,0,0,0,1,0,0,1,0,1
5185,0.0,144.0,1.0,191.32,0,1,0,1,0,0,1,0,1,0,0,1,0,1
9323,7873.0,120.0,1.0,652.23,0,1,0,1,0,0,1,0,1,0,1,0,0,1
3062,1987.0,72.0,0.0,57.23,0,1,1,0,0,1,0,0,1,0,0,0,1,0
2764,1459.0,144.0,1.0,142.84,1,0,1,0,1,0,0,0,1,0,0,0,1,1
4817,923.0,72.0,1.0,74.65,0,1,0,1,1,0,0,0,1,0,0,0,1,1
8750,4996.0,144.0,1.0,622.8,0,1,0,1,0,0,0,1,1,0,1,0,0,1
3069,0.0,192.0,1.0,136.24,0,1,1,0,1,0,0,0,1,0,0,0,1,0
5391,0.0,144.0,1.0,201.71,0,1,0,1,0,0,1,0,1,0,0,0,1,1
3333,2500.0,144.0,1.0,223.98,0,1,0,1,1,0,0,0,1,0,0,1,0,1
5941,4232.0,144.0,1.0,442.72,0,1,1,0,1,0,0,0,1,0,0,1,0,1
6000,0.0,144.0,1.0,232.4,1,0,1,0,1,0,0,0,1,0,0,0,1,1
7167,0.0,144.0,1.0,291.22,0,1,1,0,1,0,0,0,1,0,0,0,1,1
4566,0.0,144.0,1.0,160.13,0,1,0,1,0,0,1,0,1,0,0,0,1,0
3667,0.0,72.0,1.0,22.41,0,1,1,0,0,1,0,0,1,0,0,0,1,1
2346,1600.0,144.0,1.0,128.88,0,1,1,0,1,0,0,0,0,1,0,1,0,1
3010,3136.0,144.0,0.0,239.76,0,1,0,1,1,0,0,0,0,1,0,0,1,0
2333,2417.0,144.0,1.0,169.4,0,1,0,1,1,0,0,0,1,0,0,0,1,1
5488,0.0,144.0,1.0,206.6,0,1,0,1,1,0,0,0,1,0,1,0,0,1
9167,0.0,144.0,1.0,392.02,0,1,1,0,0,0,0,1,1,0,1,0,0,1
9504,0.0,144.0,1.0,409.0,0,1,0,1,0,0,0,1,1,0,1,0,0,1
1993,1625.0,72.0,1.0,21.17,0,1,0,1,0,0,1,0,0,1,0,1,0,1
3100,1400.0,144.0,1.0,156.8,0,1,0,1,0,0,1,0,1,0,0,0,1,1
3180,0.0,144.0,0.0,90.27,1,0,1,0,1,0,0,0,1,0,0,0,1,0
3033,1459.0,144.0,1.0,156.4,0,1,0,1,1,0,0,0,1,0,0,0,1,1
3902,1666.0,144.0,1.0,210.63,0,1,1,0,1,0,0,0,0,1,1,0,0,1
1500,1800.0,144.0,0.0,96.32,1,0,1,0,1,0,0,0,1,0,0,1,0,0
2889,0.0,72.0,0.0,72.8,0,1,0,1,0,0,1,0,0,1,0,0,1,0
2755,0.0,120.0,1.0,45.71,0,1,1,0,1,0,0,0,0,1,1,0,0,0
2500,20000.0,144.0,1.0,634.0,0,1,1,0,1,0,0,0,1,0,0,1,0,1
1963,0.0,144.0,1.0,28.94,1,0,1,0,1,0,0,0,0,1,0,1,0,1
7441,0.0,144.0,1.0,305.03,1,0,1,0,1,0,0,0,1,0,1,0,0,0
4547,0.0,144.0,1.0,159.17,1,0,1,0,1,0,0,0,1,0,0,1,0,1
2167,2400.0,144.0,1.0,160.18,0,1,0,1,1,0,0,0,0,1,0,0,1,1
2213,0.0,144.0,1.0,41.54,1,0,1,0,1,0,0,0,0,1,1,0,0,1
8300,0.0,120.0,0.0,278.6,0,1,0,1,0,1,0,0,1,0,0,1,0,0
3867,0.0,144.0,1.0,124.9,1,0,1,0,0,1,0,0,0,1,0,1,0,0
6096,0.0,144.0,0.0,237.24,0,1,0,1,1,0,0,0,0,1,1,0,0,0
2253,2033.0,144.0,1.0,146.01,0,1,0,1,1,0,0,0,0,1,1,0,0,1
2149,3237.0,144.0,0.0,201.45,1,0,0,1,1,0,0,0,0,1,0,1,0,0
2995,0.0,144.0,1.0,80.95,1,0,1,0,1,0,0,0,1,0,0,0,1,1
2600,0.0,144.0,1.0,61.04,1,0,1,0,0,1,0,0,1,0,0,0,1,0
1600,20000.0,144.0,1.0,588.64,0,1,0,1,0,0,1,0,1,0,0,0,1,0
1025,2773.0,144.0,1.0,121.42,0,1,0,1,1,0,0,0,1,0,1,0,0,1
3246,1417.0,144.0,1.0,165.02,0,1,0,1,1,0,0,0,1,0,0,1,0,1
5829,0.0,144.0,1.0,223.78,0,1,0,1,1,0,0,0,1,0,1,0,0,1
1820,1719.0,144.0,1.0,108.37,0,1,0,1,1,0,0,0,1,0,0,0,1,1
14880,0.0,144.0,1.0,679.95,0,1,0,1,1,0,0,0,1,0,0,1,0,1
2666,4300.0,144.0,1.0,281.09,0,1,0,1,1,0,0,0,1,0,1,0,0,1
4606,0.0,144.0,1.0,162.14,1,0,1,0,0,1,0,0,0,1,1,0,0,0
5935,0.0,144.0,1.0,229.12,0,1,0,1,0,0,1,0,1,0,0,1,0,1
2920,16.12000084,144.0,1.0,77.98,0,1,0,1,1,0,0,0,1,0,1,0,0,1
8624,0.0,144.0,1.0,364.65,1,0,1,0,0,1,0,0,1,0,0,1,0,1
6500,0.0,144.0,0.0,257.6,0,1,1,0,1,0,0,0,1,0,1,0,0,0
12876,0.0,144.0,1.0,578.95,0,1,1,0,1,0,0,0,1,0,0,1,0,1
2425,2340.0,144.0,1.0,170.16,0,1,0,1,1,0,0,0,1,0,0,1,0,1
3750,0.0,144.0,1.0,119.0,0,1,1,0,1,0,0,0,1,0,0,0,1,1
1926,1851.0,144.0,1.0,120.36,0,1,1,0,1,0,0,0,1,0,0,1,0,1
2213,1125.0,144.0,1.0,98.24,0,1,0,1,1,0,0,0,1,0,0,0,1,1
10416,0.0,144.0,0.0,454.97,0,1,1,0,1,0,0,0,1,0,0,0,1,0
7142,0.0,144.0,1.0,289.96,1,0,0,1,1,0,0,0,0,1,1,0,0,1
3660,5064.0,144.0,1.0,369.69,0,1,1,0,1,0,0,0,1,0,0,1,0,1
7901,1833.0,144.0,1.0,420.59,0,1,0,1,1,0,0,0,1,0,1,0,0,1
4707,1993.0,144.0,1.0,267.68,0,1,1,0,0,0,0,1,0,1,0,1,0,1
3466,1210.0,144.0,1.0,165.67,0,1,0,1,0,1,0,0,1,0,1,0,0,1
4652,0.0,144.0,1.0,164.46,0,1,0,1,0,0,1,0,0,1,1,0,0,1
3539,1376.0,144.0,1.0,177.72,0,1,0,1,1,0,0,0,1,0,1,0,0,0
3340,1710.0,144.0,0.0,184.52,0,1,0,1,0,0,1,0,1,0,1,0,0,0
2309,1255.0,144.0,0.0,109.63,0,1,0,1,0,0,1,0,0,1,1,0,0,0
3948,1733.0,144.0,0.0,216.32,0,1,0,1,1,0,0,0,1,0,1,0,0,0
2483,2466.0,72.0,0.0,54.71,0,1,0,1,1,0,0,0,1,0,1,0,0,1
7085,0.0,144.0,1.0,287.08,0,1,1,0,1,0,0,0,1,0,0,1,0,1
3859,0.0,144.0,1.0,124.49,0,1,0,1,0,0,1,0,1,0,0,1,0,1
4301,0.0,144.0,1.0,146.77,0,1,0,1,1,0,0,0,1,0,0,0,1,1
3708,2569.0,144.0,1.0,246.36,0,1,0,1,1,0,0,0,1,0,0,0,1,0
4354,0.0,144.0,1.0,149.44,0,1,1,0,0,0,1,0,1,0,1,0,0,1
8334,0.0,144.0,1.0,350.03,0,1,0,1,1,0,0,0,1,0,0,1,0,0
7740,0.0,72.0,1.0,125.05,0,1,0,1,0,0,0,1,1,0,0,0,1,1
3015,2188.0,144.0,1.0,192.23,0,1,0,1,1,0,0,0,1,0,1,0,0,1
5191,0.0,144.0,1.0,191.63,1,0,1,0,0,1,0,0,0,1,0,1,0,1
4166,0.0,144.0,0.0,139.97,0,1,1,0,1,0,0,0,1,0,0,1,0,0
6000,0.0,144.0,1.0,232.4,0,1,1,0,1,0,0,0,1,0,1,0,0,1
2947,1664.0,72.0,0.0,46.2,0,1,0,1,0,0,0,1,0,1,0,0,1,0
210,2917.0,144.0,1.0,87.6,1,0,0,1,0,0,1,0,0,1,0,1,0,1
4333,2451.0,144.0,1.0,271.91,0,1,0,1,1,0,0,0,1,0,0,0,1,0
3450,2079.0,144.0,1.0,208.66,0,1,0,1,0,1,0,0,1,0,0,1,0,1
2653,1500.0,72.0,0.0,34.66,0,1,0,1,0,1,0,0,0,1,1,0,0,0
4691,0.0,144.0,1.0,166.43,0,1,0,1,0,0,0,1,1,0,0,1,0,1
5532,4648.0,144.0,1.0,443.07,0,1,1,0,0,0,1,0,1,0,1,0,0,1
16525,1014.0,144.0,1.0,813.97,0,1,0,1,0,0,1,0,1,0,1,0,0,1
6700,1750.0,120.0,1.0,284.9,0,1,0,1,0,0,1,0,1,0,0,1,0,1
16667,2250.0,144.0,1.0,553.42,0,1,0,1,0,1,0,0,1,0,0,1,0,1
2947,1603.0,144.0,1.0,159.32,0,1,0,1,0,0,1,0,1,0,0,0,1,0
4350,0.0,144.0,1.0,149.24,1,0,1,0,1,0,0,0,0,1,1,0,0,1
3095,0.0,144.0,1.0,85.99,0,1,0,1,0,0,0,1,0,1,1,0,0,1
2083,3150.0,144.0,1.0,193.74,0,1,0,1,1,0,0,0,1,0,0,1,0,1
10833,0.0,144.0,1.0,475.98,0,1,0,1,1,0,0,0,1,0,0,1,0,1
8333,0.0,144.0,1.0,349.98,0,1,0,1,0,0,1,0,1,0,0,1,0,1
1958,2436.0,144.0,1.0,151.46,0,1,0,1,0,1,0,0,0,1,1,0,0,1
3547,0.0,144.0,0.0,108.77,0,1,1,0,0,0,1,0,1,0,1,0,0,0
18333,0.0,144.0,1.0,853.98,0,1,0,1,0,1,0,0,1,0,0,0,1,0
4583,2083.0,144.0,1.0,265.97,0,1,0,1,0,0,1,0,1,0,0,1,0,1
2435,0.0,144.0,1.0,52.72,0,1,1,0,1,0,0,0,1,0,0,0,1,0
3691,0.0,144.0,1.0,116.03,0,1,1,0,1,0,0,0,0,1,1,0,0,1
17263,0.0,144.0,1.0,800.06,1,0,1,0,1,0,0,0,0,1,0,1,0,1
3597,2157.0,144.0,0.0,220.0,0,1,0,1,1,0,0,0,1,0,1,0,0,0
3326,913.0,84.0,1.0,54.63,1,0,0,1,0,1,0,0,1,0,0,1,0,1
2600,1700.0,144.0,1.0,146.72,0,1,0,1,1,0,0,0,0,1,1,0,0,1
2895,0.0,144.0,1.0,75.91,0,1,0,1,0,1,0,0,1,0,0,1,0,1
6283,4416.0,144.0,0.0,469.23,0,1,1,0,1,0,0,0,1,0,1,0,0,0
645,3683.0,192.0,1.0,220.84,1,0,1,0,1,0,0,0,1,0,1,0,0,1
3159,0.0,144.0,1.0,89.21,1,0,1,0,1,0,0,0,1,0,0,1,0,1
4865,5624.0,144.0,1.0,458.65,0,1,0,1,0,0,1,0,1,0,0,1,0,1
3814,1483.0,120.0,1.0,152.47,0,1,0,1,1,0,0,0,0,1,0,1,0,1
3510,4416.0,144.0,1.0,329.47,0,1,0,1,0,0,1,0,1,0,1,0,0,1
2479,3013.0,144.0,1.0,206.8,0,1,0,1,1,0,0,0,1,0,0,0,1,1
13262,0.0,144.0,1.0,598.4,1,0,1,0,0,1,0,0,1,0,0,0,1,1
3598,1287.0,144.0,1.0,176.2,0,1,1,0,1,0,0,0,0,1,1,0,0,0
6065,2004.0,144.0,1.0,336.68,0,1,0,1,0,1,0,0,1,0,0,1,0,1
3283,2035.0,144.0,1.0,198.03,0,1,0,1,0,0,1,0,1,0,0,0,1,1
2130,6666.0,72.0,1.0,151.66,0,1,0,1,1,0,0,0,1,0,0,1,0,0
5815,3666.0,144.0,1.0,407.84,0,1,1,0,1,0,0,0,1,0,1,0,0,0
3466,3428.0,144.0,1.0,277.46,0,1,0,1,0,0,0,1,1,0,1,0,0,1
2031,1632.0,192.0,1.0,176.15,1,0,0,1,0,0,1,0,1,0,0,1,0,1
4683,1915.0,144.0,1.0,262.54,0,1,1,0,1,0,0,0,1,0,0,1,0,0
3400,0.0,144.0,1.0,101.36,1,0,1,0,1,0,0,0,0,1,1,0,0,0
2192,1742.0,144.0,1.0,128.27,0,1,0,1,0,0,1,0,0,1,0,1,0,1
2500,0.0,144.0,1.0,56.0,0,1,1,0,1,0,0,0,1,0,0,1,0,1
5677,1424.0,144.0,1.0,287.89,0,1,0,1,0,0,0,1,1,0,1,0,0,1
7948,7166.0,144.0,1.0,691.75,0,1,0,1,0,0,1,0,1,0,1,0,0,1
4680,2087.0,144.0,1.0,271.06,0,1,1,0,1,0,0,0,1,0,0,1,0,0
17500,0.0,144.0,1.0,812.0,0,1,0,1,0,0,1,0,1,0,1,0,0,1
3775,0.0,144.0,1.0,120.26,0,1,0,1,1,0,0,0,1,0,0,1,0,1
5285,1430.0,144.0,0.0,268.44,0,1,0,1,0,1,0,0,0,1,0,1,0,1
2679,1302.0,144.0,1.0,130.64,0,1,1,0,0,1,0,0,0,1,0,1,0,1
6783,0.0,144.0,1.0,271.86,0,1,1,0,1,0,0,0,0,1,0,1,0,1
4281,0.0,144.0,1.0,145.76,0,1,0,1,0,0,0,1,1,0,0,0,1,1
3588,0.0,144.0,0.0,110.84,0,1,1,0,0,0,1,0,1,0,1,0,0,0
18165,0.0,144.0,1.0,845.52,1,0,1,0,1,0,0,0,0,1,0,0,1,1
2550,2042.0,144.0,1.0,161.44,0,1,1,0,1,0,0,0,0,1,1,0,0,1
6133,3906.0,144.0,1.0,435.97,0,1,0,1,1,0,0,0,1,0,0,0,1,1
3617,0.0,144.0,1.0,112.3,0,1,1,0,0,0,1,0,1,0,0,1,0,1
2917,536.0,144.0,1.0,104.03,0,1,0,1,1,0,0,0,0,1,1,0,0,0
6417,0.0,72.0,1.0,91.71,0,1,0,1,0,0,0,1,1,0,1,0,0,1
4608,2845.0,72.0,1.0,117.82,1,0,0,1,0,1,0,0,1,0,0,1,0,1
2138,0.0,144.0,0.0,37.76,1,0,1,0,1,0,0,0,1,0,0,1,0,0
3652,0.0,144.0,1.0,114.06,1,0,1,0,0,1,0,0,1,0,0,1,0,1
2239,2524.0,144.0,1.0,170.06,0,1,0,1,0,1,0,0,0,1,0,0,1,1
2768,1950.0,144.0,1.0,167.79,0,1,0,1,1,0,0,0,1,0,1,0,0,1
3358,0.0,36.0,1.0,42.31,0,1,1,0,1,0,0,0,0,1,0,1,0,0
2526,1783.0,144.0,1.0,147.17,0,1,1,0,1,0,0,0,1,0,1,0,0,1
5000,0.0,144.0,0.0,182.0,1,0,1,0,1,0,0,0,1,0,0,1,0,0
2785,2016.0,144.0,1.0,171.97,0,1,0,1,1,0,0,0,1,0,1,0,0,1
6633,0.0,144.0,0.0,264.3,0,1,0,1,0,0,1,0,1,0,1,0,0,0
2492,2375.0,144.0,1.0,175.3,0,1,0,1,0,1,0,0,0,1,1,0,0,1
3333,3250.0,144.0,1.0,261.78,0,1,0,1,0,1,0,0,1,0,0,0,1,1
2454,2333.0,144.0,0.0,171.26,0,1,0,1,1,0,0,0,0,1,0,0,1,0
3593,4266.0,72.0,0.0,128.05,0,1,0,1,1,0,0,0,1,0,1,0,0,0
5468,1032.0,144.0,1.0,257.6,0,1,0,1,0,1,0,0,1,0,0,1,0,1
10139,0.0,144.0,1.0,441.01,0,1,0,1,0,0,0,1,1,0,0,1,0,1
3887,2669.0,144.0,1.0,260.42,0,1,0,1,1,0,0,0,1,0,0,1,0,1
4180,2306.0,144.0,1.0,256.89,1,0,0,1,1,0,0,0,1,0,0,1,0,1
3675,242.0,144.0,1.0,127.42,0,1,0,1,0,0,1,0,0,1,0,1,0,1
19484,0.0,144.0,1.0,911.99,1,0,0,1,0,1,0,0,1,0,0,1,0,1
5923,2054.0,144.0,1.0,332.04,0,1,0,1,1,0,0,0,1,0,1,0,0,1
5800,0.0,144.0,1.0,222.32,0,1,1,0,1,0,0,0,0,1,0,1,0,1
8799,0.0,144.0,0.0,373.47,0,1,0,1,0,0,1,0,1,0,0,0,1,0
3333,0.0,144.0,1.0,97.98,0,1,1,0,1,0,0,0,1,0,0,0,1,1
3400,2500.0,144.0,0.0,227.36,0,1,0,1,0,0,0,1,1,0,1,0,0,0
2378,0.0,144.0,1.0,49.85,1,0,1,0,1,0,0,0,1,0,0,0,1,0
3166,2064.0,144.0,0.0,193.59,0,1,0,1,1,0,0,0,1,0,0,0,1,0
3417,1750.0,144.0,1.0,190.42,0,1,0,1,0,1,0,0,1,0,0,0,1,1
16666,0.0,144.0,1.0,769.97,0,1,0,1,0,0,1,0,1,0,0,0,1,1
6125,1625.0,192.0,1.0,450.8,0,1,0,1,0,0,1,0,0,1,0,1,0,0
6406,0.0,144.0,1.0,252.86,0,1,0,1,0,0,0,1,1,0,0,1,0,0
3159,461.0,84.0,1.0,36.43,0,1,0,1,0,0,1,0,1,0,0,0,1,1
3229,2739.0,144.0,1.0,230.79,0,1,1,0,1,0,0,0,1,0,0,0,1,1
1782,2232.0,144.0,1.0,132.31,0,1,0,1,0,1,0,0,1,0,1,0,0,1
3182,2917.0,144.0,1.0,237.39,0,1,1,0,1,0,0,0,1,0,0,0,1,1
6540,0.0,144.0,1.0,259.62,0,1,0,1,0,0,1,0,1,0,0,1,0,1
3166,0.0,144.0,1.0,89.57,1,0,0,1,1,0,0,0,1,0,0,1,0,1
2787,1917.0,144.0,0.0,167.08,0,1,0,1,0,1,0,0,1,0,1,0,0,0
4283,3000.0,84.0,1.0,144.12,0,1,0,1,0,1,0,0,1,0,1,0,0,0
2297,1522.0,144.0,1.0,122.48,0,1,0,1,1,0,0,0,1,0,0,0,1,1
2165,0.0,144.0,1.0,39.12,1,0,1,0,1,0,0,0,0,1,0,1,0,1
2726,0.0,144.0,0.0,67.39,0,1,0,1,0,0,1,0,1,0,0,1,0,0
3000,3416.0,72.0,1.0,91.68,0,1,0,1,1,0,0,0,1,0,0,1,0,1
6000,0.0,96.0,1.0,131.6,0,1,0,1,0,0,1,0,1,0,0,1,0,0
3859,3300.0,72.0,1.0,110.41,0,1,0,1,1,0,0,0,1,0,1,0,0,1
16120,0.0,144.0,1.0,742.45,0,1,0,1,1,0,0,0,1,0,0,0,1,1
3833,0.0,144.0,1.0,123.18,0,1,1,0,1,0,0,0,0,1,1,0,0,1
6383,1000.0,144.0,1.0,302.1,0,1,0,1,0,0,1,0,0,1,1,0,0,0
9963,0.0,144.0,1.0,432.14,0,1,0,1,1,0,0,0,1,0,1,0,0,1
5780,0.0,144.0,1.0,221.31,0,1,0,1,0,0,1,0,1,0,0,0,1,1
2894,2792.0,144.0,1.0,216.57,0,1,0,1,1,0,0,0,0,1,1,0,0,1
5703,0.0,144.0,1.0,217.43,0,1,0,1,0,0,0,1,1,0,0,0,1,1
3676,4301.0,144.0,1.0,332.04,0,1,1,0,1,0,0,0,1,0,1,0,0,1
12000,0.0,144.0,1.0,534.8,1,0,0,1,0,1,0,0,1,0,0,1,0,1
2400,3800.0,72.0,1.0,86.24,0,1,0,1,1,0,0,0,0,1,0,0,1,0
3400,2500.0,144.0,1.0,227.36,0,1,0,1,0,1,0,0,1,0,0,1,0,1
3987,1411.0,144.0,1.0,202.06,0,1,0,1,0,0,1,0,0,1,1,0,0,1
3232,1950.0,144.0,1.0,191.17,0,1,0,1,1,0,0,0,1,0,1,0,0,1
2900,0.0,144.0,1.0,76.16,1,0,1,0,1,0,0,0,1,0,1,0,0,1
4106,0.0,72.0,1.0,33.47,0,1,0,1,0,0,0,1,1,0,1,0,0,1
8072,240.0,144.0,1.0,348.92,0,1,0,1,0,1,0,0,1,0,0,0,1,1
7583,0.0,144.0,1.0,312.18,0,1,0,1,0,0,1,0,1,0,0,0,1,1
4583,0.0,144.0,0.0,160.98,1,0,1,0,1,0,0,0,1,0,0,1,0,0
